star_id,star_name,constellation_id,ra,dec
98036,Alshain,Aql,298.82819162,6.40793311
97649,Altair,Aql,297.69450819,8.86738473
97278,Tarazed,Aql,296.56487586,10.61326857
95501,Almizan I,Aql,291.37396955,3.11457893
97804,Almizan II,Aql,298.11818215,1.00567818
99473,Almizan III,Aql,302.82610296,-0.82147572
93747,Okab,Aql,286.35255155,13.86370954
93244,Deneb al Okab Borealis,Aql,284.90578907,15.06847784
93805,Al Thalimain Prior,Aql,286.56229133,-4.88233451
677,Alpheratz,Peg,2.09653385,29.09082837
3092,,And,9.83165586,30.86122597
5447,Mirach,And,17.43249023,35.62083036
9640,Almach,And,30.97466207,42.32984825
4436,,And,14.18790714,38.49925521
3881,,And,12.45345727,41.07895471
116231,,Scl,353.24245046,-37.8183589
4577,,Scl,14.65144096,-29.35746422
115102,,Scl,349.70594515,-32.53183581
88714,,Ara,271.65782837,-50.09145456
85792,,Ara,262.96050685,-49.87598163
83081,,Ara,254.65512805,-55.9900554
82363,,Ara,252.44629781,-59.04131654
85727,,Ara,262.77490445,-60.68360659
85267,,Ara,261.34858239,-56.377688
85258,,Ara,261.32498802,-55.52982387
77853,,Lib,238.45615396,-16.72962213
76333,Zubenelhakrabi,Lib,233.88141411,-14.78955362
74785,Zubeneschamali,Lib,229.25196592,-9.38286665
72622,Zubenelgenubi,Lib,222.71990516,-16.04161027
73714,Brachium,Lib,226.01775826,-25.28185595
10324,Al Kaff al Jidhmah I,Cet,33.25004581,8.84675255
11484,Al Kaff al Jidhmah II,Cet,37.03965837,8.46008868
8102,Al Naymat II,Cet,26.02136459,-15.93955572
3419,Diphda,Cet,10.89678447,-17.98668407
1562,Deneb Kaitos Shemali,Cet,4.85701294,-8.82382954
5364,Dheneb,Cet,17.14693207,-10.18192793
6537,Al Naymat I,Cet,21.00604673,-8.18275392
8645,Baten Kaitos,Cet,27.8650443,-10.33494527
11345,Sadr al Kaitos I,Cet,36.4875514,-12.29045207
12390,Sadr al Kaitos III,Cet,39.89055078,-11.87158223
12770,Sadr al Kaitos IV,Cet,41.03064358,-13.85867601
11783,Sadr al Kaitos II,Cet,38.0219889,-15.24431882
10826,Mira,Cet,34.83661105,-2.97706076
12387,Al Kaff al Jidhmah III,Cet,39.87061789,0.32851674
12706,Kaffaljidhma,Cet,40.82551857,3.23617153
14135,Menkar,Cet,45.56991317,4.08992556
13954,Menkar,Cet,44.92873468,8.90740132
12828,Al Kaff al Jidhmah IV,Cet,41.23488946,10.11422043
12093,,Cet,38.96870387,5.59330143
13209,Bharani,Ari,42.49578916,27.26079044
9884,Hamal,Ari,31.79285751,23.46277747
8903,Sheratan,Ari,28.65978905,20.80829983
8832,Mesarthim,Ari,28.38235766,19.29409257
92175,,Sct,281.793656,-4.74782885
92202,,Sct,281.87073375,-5.70507079
92814,,Sct,283.67964698,-15.60302205
90595,,Sct,277.29938309,-14.56580464
91117,,Sct,278.8018241,-8.24330822
42515,,Pyx,130.02556915,-35.30830087
42828,,Pyx,130.89811459,-33.1864114
43409,,Pyx,132.6333805,-27.71005865
71795,,Boo,220.28716825,13.72833156
69673,Arcturus,Boo,213.91811408,19.18727046
72105,Izar,Boo,221.24687848,27.07417376
74666,Thiba,Boo,228.8754325,33.31510247
73555,Nekkar,Boo,225.48663804,40.39063698
71075,Seginus,Boo,218.01982423,38.30788378
71053,,Boo,217.95774099,30.37114492
67927,Muphrid,Boo,208.67131829,18.3985867
67459,,Boo,207.3695746,15.79780581
21060,,Cae,67.70874033,-44.95374346
21770,,Cae,70.14092924,-41.86357022
21861,,Cae,70.51435914,-37.14476605
40702,,Cha,124.63027823,-76.91998249
51839,,Cha,158.86757611,-78.60781362
60000,,Cha,184.58726675,-79.31226904
43103,Zubanah,Cnc,131.67430935,28.76000523
42806,Asellus Borealis,Cnc,130.82172117,21.46859618
40843,,Cnc,125.01613464,27.21862146
42911,Asellus Australis,Cnc,131.17129191,18.15486373
40526,Tarf,Cnc,124.12895281,9.18566355
44066,Acubens,Cnc,134.62165396,11.85777235
100064,Algedi,Cap,304.5134105,-12.54485879
100345,Dabih,Cap,305.25269233,-14.78140101
104139,,Cap,316.48658075,-17.23271097
105515,,Cap,320.56157235,-16.83455537
106985,Nashira,Cap,325.02225947,-16.66225299
107556,Deneb Algedi,Cap,326.7595222,-16.12656594
105881,Yen,Cap,321.66678228,-22.41137849
102485,,Cap,311.5240256,-25.27051702
102978,,Cap,312.95540128,-26.91912619
45238,Miaplacidus,Car,138.30100317,-69.71747241
50099,,Car,153.43449551,-70.03792176
52419,,Car,160.73927812,-64.39447946
52468,,Car,160.88461524,-60.56662719
54463,,Car,167.14748177,-58.97504176
53253,,Car,163.37319221,-58.8532647
51232,,Car,156.96977096,-58.7394087
50371,,Car,154.27085573,-61.33231981
45556,Aspidiske,Car,139.27261829,-59.27526115
42568,,Car,130.15431359,-59.76101479
41037,Avior,Car,125.62860249,-59.50953781
30438,Canopus,Car,95.9878779,-52.69571787
45080,,Car,137.74210507,-58.96693013
31685,,Pup,99.44029877,-43.19592397
39429,Naos,Pup,120.89612568,-40.00318834
8886,Segin,Cas,28.59868112,63.67014682
6686,Ruchbah,Cas,21.45251246,60.23540367
4427,Navi,Cas,14.17708782,60.71674955
3179,Schedar,Cas,10.1266135,56.53740925
746,Caph,Cas,2.2920403,59.15021806
71683,Rigil Kentaurus,Cen,219.92040813,-60.83514522
68702,Hadar,Cen,210.9560192,-60.37297887
66657,,Cen,204.9719697,-53.46636266
68002,Alnair,Cen,208.88514577,-47.28826623
68282,,Cen,209.66988043,-44.80353128
67472,,Cen,207.4041992,-42.47368514
67464,,Cen,207.37623896,-41.68765986
65936,,Cen,202.76111844,-39.40727978
65109,,Cen,200.15027327,-36.71208083
68933,Menkent,Cen,211.67218593,-36.36869558
71352,,Cen,218.87688121,-42.15774569
73334,Ke Kwan,Cen,224.79041163,-42.10414165
61932,Muhlifain,Cen,190.38002117,-48.95988559
60823,,Cen,187.01004828,-50.23060494
59196,,Cen,182.08976522,-50.72240992
56480,,Cen,173.69046629,-54.26413157
56561,,Cen,173.94553439,-63.01982482
109492,,Cep,332.71359145,58.20124993
112724,,Cep,342.42046746,66.20071079
106032,Alfirk,Cep,322.1648953,70.5606948
105199,Alderamin,Cep,319.64408995,62.58545515
116727,Errai,Cep,354.83742562,77.63196666
64241,Diadem,Com,197.49812571,17.52911197
64394,,Com,197.97051114,27.87603771
60742,Al Dafirah,Com,186.73469865,28.26861971
61317,Chara,CVn,188.4378855,41.35676763
63125,Cor Caroli,CVn,194.00767083,38.31824601
28380,Mahasim,Aur,89.93015902,37.21276398
28360,Menkalinan,Aur,89.88237269,44.94743488
24608,Capella,Aur,79.17206466,45.99902905
23453,Saclateni,Aur,75.61950031,41.07588922
23015,Hassaleh,Aur,74.24840149,33.16613574
25428,Elnath,Tau,81.57290832,28.60787362
30277,,Col,95.52852188,-33.43627292
29807,Kurud II,Col,94.13806383,-35.14073125
28199,,Col,89.38421622,-35.28330684
27628,Wazn,Col,87.73980343,-35.76929221
28328,,Col,89.78662737,-42.81510752
26634,Phact,Col,84.91224966,-34.07404939
25859,,Col,82.80306422,-35.4704359
71908,,Cir,220.6278545,-64.97456951
75323,,Cir,230.84440736,-59.3206982
74824,,Cir,229.37900093,-58.80087875
53740,Alkes,Crt,164.94478697,-18.2990973
54682,Al Sharasif,Crt,167.914526,-22.82560622
55705,,Crt,171.22076361,-17.6840172
55282,,Crt,169.83551156,-14.77904381
55687,,Crt,171.15252261,-10.85938263
56633,,Crt,174.17061877,-9.80225376
58188,,Crt,179.00409833,-17.15080883
57283,,Crt,176.19066278,-18.35061452
91875,,CrA,280.94558777,-38.32331057
92989,,CrA,284.16871122,-37.34318338
93174,,CrA,284.68114159,-37.1070885
93825,,CrA,286.60433093,-37.06275699
94114,Meridiana,CrA,287.36782596,-37.90423953
94160,,CrA,287.50730211,-39.34070658
94005,,CrA,287.08722088,-40.4966377
93542,,CrA,285.77846931,-42.09499432
92953,,CrA,284.07071924,-42.71060177
90887,,CrA,278.08877826,-39.70390962
76127,,CrB,233.23248295,31.35915509
75695,Nusakan,CrB,231.95771591,29.10549183
76267,Alphecca,CrB,233.67162276,26.71491051
76952,,CrB,235.68599233,26.29551427
77512,,CrB,237.3987417,26.06854937
78159,,CrB,239.39709112,26.87802608
78493,,CrB,240.36079437,29.85107826
61174,,Crv,188.01868665,-16.19586548
60965,Algorab,Crv,187.46659681,-16.51509405
59803,Gienah,Crv,183.95194935,-17.54198359
59316,Minkar,Crv,182.53135799,-22.61979213
59199,Alchiba,Crv,182.10313587,-24.72877985
61359,Kraz,Crv,188.59680889,-23.39662293
61084,Gacrux,Cru,187.79137201,-57.11256917
60718,Acrux,Cru,186.64975588,-63.09905674
62434,Mimosa,Cru,191.9304935,-59.68873267
59747,Imai,Cru,183.78648746,-58.74890175
94779,Fawaris I,Cyg,289.27545802,53.36816073
95853,,Cyg,292.42641387,51.72946748
97165,Fawaris,Cyg,296.24350876,45.13069175
100453,Sadr,Cyg,305.55708337,40.25668137
102098,Deneb,Cyg,310.35797281,45.28033431
102488,Aljanah,Cyg,311.55180082,33.96945339
104732,Fawaris III,Cyg,318.23408975,30.22708125
107310,,Cyg,326.03501863,28.74322256
98110,,Cyg,299.07665075,35.08349073
95947,Albireo,Cyg,292.68035521,27.95969502
101421,Aldulfin,Del,308.30318669,11.30333185
101769,Rotanev,Del,309.38695882,14.59520556
101958,Sualocin,Del,309.90939398,15.91205267
102532,Al Salib,Del,311.6646587,16.12477499
102281,Al Ukud,Del,310.86477388,15.07468234
27100,,Dor,86.1934131,-65.73554065
27890,,Dor,88.52458412,-63.09102105
26069,,Dor,83.40631789,-62.48985574
21281,,Dor,68.49882662,-55.04500553
19893,,Dor,64.00621426,-51.48709571
87585,Grumium,Dra,268.3817895,56.87245205
87833,Eltanin,Dra,269.15157428,51.48895101
85670,Rastaban,Dra,262.60823689,52.30135886
85829,Kuma,Dra,263.06616222,55.1728067
94376,Altais,Dra,288.13814594,67.66131702
97433,Tyl,Dra,297.04255738,70.26783536
94648,Athafi II,Dra,288.88872282,73.3552149
89937,Alahakan,Dra,275.25974417,72.73369776
83895,Aldhibah,Dra,257.19677058,65.71463661
80331,Athebyne,Dra,245.99794481,61.51407545
78527,,Dra,240.47376555,58.56443741
75458,Edasich,Dra,231.23243369,58.96602361
68756,Thuban,Dra,211.09760812,64.3758087
61281,,Dra,188.37101045,69.78820988
56211,Giausar,Dra,172.85120192,69.33112154
79509,,Nor,243.36972683,-54.6304129
80000,,Nor,244.96069864,-50.15537919
80582,,Nor,246.79603306,-47.5547357
78639,,Nor,240.80358444,-49.22972085
7588,Achernar,Eri,24.42813208,-57.23665985
9007,,Eri,28.98680221,-51.60958691
10602,,Eri,34.12708462,-51.51211139
11407,,Eri,36.74627095,-47.70382674
12413,,Eri,39.94966511,-42.89163303
12486,,Eri,40.16638218,-39.85530924
13847,Acamar,Eri,44.56548212,-40.30473465
15510,,Eri,49.97176989,-43.07154908
17797,,Eri,57.14926008,-37.62012831
17874,,Eri,57.36367012,-36.20011256
20042,Beemim I,Eri,64.4734105,-33.79833154
20535,Beemim,Eri,66.00902221,-34.0169862
21393,Theemin,Eri,68.88779881,-30.56231068
17651,,Eri,56.71245432,-23.24843785
16611,,Eri,53.44686636,-21.63281573
15474,Angetenar,Eri,49.87904019,-21.7579425
14146,,Eri,45.59830477,-23.62433608
12843,,Eri,41.27492268,-18.5726501
13701,Azha,Eri,44.10668253,-8.89760992
15197,Zibal,Eri,48.95844487,-8.81984039
16537,Ran,Eri,53.23509022,-9.45830604
17378,Rana,Eri,55.81231675,-9.76519869
21444,,Eri,69.07975228,-3.35244801
22109,,Eri,71.37558779,-3.25462486
22701,,Eri,73.22366841,-5.45275582
23875,Cursa,Eri,76.96264165,-5.08626273
23972,Kursi al Jauzah II,Eri,77.28659584,-8.754076
21594,Sceptrum,Eri,69.54529569,-14.30358698
96837,,Sge,295.26222386,17.47612364
97365,,Sge,296.84693825,18.53425889
96757,Sham,Sge,295.02409418,18.01393835
98337,,Sge,299.68911523,19.49209268
98920,,Sge,301.28947767,19.99087724
13147,,For,42.27233094,-32.40628374
14879,Dalim,For,48.01783347,-28.98910634
31681,,Gem,99.42792544,16.39941401
34088,,Gem,106.02723055,20.57029929
35550,,Gem,110.03078875,21.98233983
35350,,Gem,109.5233617,16.54047524
32362,,Gem,101.3226399,12.89605512
36962,,Gem,113.98071676,26.89600305
37740,,Gem,116.1119523,24.39812909
37826,Pollux,Gem,116.33068294,28.02631022
36046,,Gem,111.43198418,27.79828559
34693,,Gem,107.78496456,30.24528088
36850,Castor,Gem,113.65001968,31.88863511
33018,,Gem,103.19725016,33.96136984
32246,,Gem,100.98304103,25.13115545
30883,,Gem,97.24079322,20.21216674
30343,,Gem,95.73996356,22.51385018
29655,,Gem,93.71956913,22.5068238
28734,,Gem,91.03006859,23.26363208
16228,,Cam,52.26722736,59.94033468
18505,,Cam,59.35598132,63.07224922
22783,,Cam,73.51254411,66.34266005
17959,,Cam,57.58948251,71.33236762
25110,,Cam,80.64073935,79.23075694
33160,,CMa,103.54783598,-12.03859248
34045,Muliphein,CMa,105.93955472,-15.63325849
33347,,CMa,104.03427624,-17.05424685
32349,Sirius,CMa,101.28854105,-16.71314306
33977,Al Zara,CMa,105.75613968,-23.83330108
34444,Wezen,CMa,107.09785868,-26.39320762
35037,,CMa,108.70275679,-26.77268606
35904,Aludra,CMa,111.02377104,-29.30311963
33579,Adhara,CMa,104.65644415,-28.97208939
33856,Nganurganity,CMa,105.42979889,-27.93484165
33165,,CMa,103.55436041,-23.92834807
31592,,CMa,99.17082881,-19.25570935
31416,,CMa,98.7640827,-22.96483331
30324,Mirzam,CMa,95.67494722,-17.95591681
32759,,CMa,102.46027267,-32.50848753
30122,Furud,CMa,95.07827961,-30.06337653
67301,Alkaid,UMa,206.8856091,49.31330297
65378,Mizar,UMa,200.98091528,54.92541509
62956,Alioth,UMa,193.50680405,55.95984299
59774,Megrez,UMa,183.85603762,57.0325977
54061,Dubhe,UMa,165.93265337,61.75111903
53910,Merak,UMa,165.45996142,56.38234469
58001,Phecda,UMa,178.45725512,53.69473297
57399,Taiyangshou,UMa,176.51305883,47.77933685
54539,,UMa,167.41608083,44.4985533
50372,Tania Borealis,UMa,154.27469481,42.91446775
50801,Tania Australis,UMa,155.58251341,41.4994333
48402,Alhaud VII,UMa,148.0265014,54.06428572
46853,Alhaud V,UMa,143.21802163,51.67860217
44471,Alkaphrah,UMa,135.90649443,47.15665938
44127,Talitha,UMa,134.80349431,48.0423495
48319,Alhaud VI,UMa,147.7487155,59.03910451
41704,Muscida,UMa,127.56679237,60.71843103
46733,Alhaud IV,UMa,142.88154034,63.06179549
114131,,Gru,346.71986837,-43.52032436
110997,,Gru,337.31730887,-43.4955543
109268,Alnair,Gru,332.05781852,-46.96061595
112122,Tiaki,Gru,340.66639547,-46.8845658
114421,,Gru,347.58928238,-45.24664761
113638,,Gru,345.22031025,-52.75410554
112623,,Gru,342.13832136,-51.31670358
109111,,Gru,331.52876536,-39.54304883
108085,Aldhanab,Gru,328.48189257,-37.36482314
86414,,Her,264.8662182,46.00632235
87808,,Her,269.06324411,37.25052159
85112,,Her,260.9207206,37.14592405
84606,,Her,259.41785766,37.29134342
84380,,Her,258.76189269,36.80915546
81833,,Her,250.7239106,38.9224609
81126,,Her,248.52578873,42.436896
79992,,Her,244.93519967,46.31327099
77760,,Her,238.16747676,42.44998794
81693,Rutilicus,Her,250.3228214,31.60188678
80816,Kornephoros,Her,247.5552571,21.48964873
80170,Nasak Shamiya III,Her,245.48018195,19.15302179
83207,,Her,255.07252587,30.9263392
85693,Maasym,Her,262.68457501,26.11060441
84379,Sarin,Her,258.75801747,24.8395873
86974,,Her,266.6154953,27.72249916
87933,,Her,269.44096081,29.24792539
88794,,Her,271.88562808,28.76247029
19747,,Hor,63.50033879,-42.29387282
12484,,Hor,40.16491588,-54.54992418
14240,,Hor,45.90376559,-59.73761999
42799,Minazal II,Hya,130.80619301,3.3986656
42402,Minchir,Hya,129.6893702,3.34147483
42313,Minazal I,Hya,129.41419757,5.70379857
43109,Ashlesha,Hya,131.6943589,6.41890803
43234,Minazal IV,Hya,132.10825307,5.83788491
43813,Minazal V,Hya,133.84868675,5.94552781
45336,,Hya,138.59080474,2.31502504
46776,Ukdah II,Hya,142.99556099,-1.18465415
46509,Ukdah I,Hya,142.28682802,-2.76895598
46390,Alphard,Hya,141.89688204,-8.65868307
45751,,Hya,139.94332854,-11.97488211
47452,Al Sharasif I,Hya,145.07657939,-14.33224523
48356,Zhang,Hya,147.86951018,-14.84654996
49841,,Hya,152.6474869,-12.35383947
51069,,Hya,156.52293759,-16.83609582
52943,,Hya,162.40596684,-16.19413227
54204,,Hya,166.33346935,-27.29359542
56343,,Hya,173.25107925,-31.85752392
57936,,Hya,178.22733851,-33.90813024
64166,,Hya,197.26367915,-23.11797272
64962,,Hya,199.73022254,-23.17141256
68895,,Hya,211.59278732,-26.68201863
69415,,Hya,213.19180448,-27.2611
70306,,Hya,215.77461576,-27.75373397
72571,,Hya,222.57277823,-27.96021967
2021,,Hyi,6.41334187,-77.25503494
17678,,Hyi,56.80929757,-74.23924238
12394,,Hyi,39.89676533,-68.26694753
11001,,Hyi,35.43759554,-68.65942375
9236,,Hyi,29.69113173,-61.56992473
105319,,Ind,319.96618277,-53.449264
101772,Persian,Ind,309.39162358,-47.29166243
103227,,Ind,313.70241499,-58.45409481
109937,,Lac,333.99237584,37.74873468
111104,,Lac,337.62192345,43.12338982
111022,,Lac,337.38259511,47.70689496
110609,,Lac,336.12914858,49.47640071
110538,,Lac,335.89015152,52.22949969
111169,,Lac,337.82239908,50.28244982
29651,,Mon,93.71390174,-6.27472754
34769,,Mon,107.96608466,-0.49278066
30867,,Mon,97.20447391,-7.03305166
32533,,Mon,101.83268471,8.03728286
30419,,Mon,95.94207343,4.59283885
31216,,Mon,98.22595667,7.33297908
31978,,Mon,100.24442156,9.89576028
30665,,Mon,96.66333844,13.10142087
39211,,Mon,120.30540123,-1.39242395
39863,,Mon,122.1485734,-2.98377686
37447,,Mon,115.31198626,-9.55108324
28910,,Lep,91.53889177,-14.93528631
28103,,Lep,89.10132629,-14.16803817
27288,,Lep,86.73895722,-14.82194738
25985,Arneb,Lep,83.18255807,-17.82229214
24305,,Lep,78.23280447,-16.2054292
27654,Arsh al Jauzah,Lep,87.82980354,-20.87751377
27072,Kursi al Jabbar,Lep,86.11656244,-22.44748675
25606,Nihal,Lep,82.06135954,-20.759232
23685,,Lep,76.36521684,-22.37085672
24845,,Lep,79.89385844,-13.17677717
24327,,Lep,78.30785402,-12.94128872
24244,,Lep,78.07453069,-11.86914301
24873,,Lep,79.99596126,-12.31560464
57632,Denebola,Leo,177.2661596,14.57233678
54879,Chertan,Leo,168.56017066,15.42976284
49669,Regulus,Leo,152.09358042,11.96719519
49583,Al Jabhah,Leo,151.83313986,16.76266561
50583,Algieba,Leo,154.99234103,19.84186021
54872,Zosma,Leo,168.52671705,20.52403382
50335,Adhafera,Leo,154.17251782,23.41732831
48455,Rasalas,Leo,148.19148996,26.00708518
47908,Algenubi,Leo,146.46292656,23.77427817
77634,,Lup,237.73975775,-33.62710497
78970,,Lup,241.81739542,-36.75554005
78384,,Lup,240.03058533,-38.39664104
76297,,Lup,233.78525188,-41.16669506
75141,,Lup,230.34306943,-40.64745903
75177,,Lup,230.45181859,-36.26116746
73273,KeKouan,Lup,224.63314152,-43.13386704
76552,,Lup,234.51384319,-42.5674851
74395,,Lup,228.07167993,-52.09907475
71860,,Lup,220.48239095,-47.38814121
71536,,Lup,219.47187988,-49.42575766
70576,,Lup,216.54500683,-45.37926059
45860,,Lyn,140.26441179,34.39252548
45688,,Lyn,139.71111414,36.80289789
44700,,Lyn,136.63245005,38.4522504
44248,,Lyn,135.16146546,41.78344222
41075,Alsciaukat,Lyn,125.70887553,43.18837241
36145,,Lyn,111.67858748,49.21164499
33449,,Lyn,104.31916037,58.42305978
30060,,Lyn,94.90579434,59.01090542
91262,Vega,Lyr,279.23410825,38.78299326
91971,Nasr Alwaki I,Lyr,281.19306655,37.60505015
92420,Sheliak,Lyr,282.51997467,33.36267802
93194,Sulafat,Lyr,284.73593565,32.68955294
92791,,Lyr,283.626203,36.89860495
51172,,Ant,156.78814978,-31.0678023
48926,,Ant,149.71808381,-35.89093308
105140,,Mic,319.48436055,-32.17248548
103738,,Mic,315.32275694,-32.25776693
102831,,Mic,312.49199826,-33.7796729
62322,,Mus,191.57029068,-68.10809406
57363,,Mus,176.40236385,-66.72884361
61199,,Mus,188.11712936,-72.13297568
61585,,Mus,189.29618221,-69.13553368
107089,,Oct,325.36863468,-77.38946227
112405,,Oct,341.51551289,-81.38161726
70638,,Oct,216.73225343,-83.66785298
72370,,Aps,221.96552535,-79.0447123
81065,,Aps,248.36443325,-78.89695904
81852,,Aps,250.77258116,-77.51657176
86032,Rasalhague,Oph,263.73335361,12.56057593
86742,Cebalrai,Oph,265.8682371,4.56691702
84012,Sabik,Oph,257.59442738,-15.72514768
83000,,Oph,254.41779403,9.37505651
79882,Yed Posterior,Oph,244.58017054,-4.69260821
81377,Saik,Oph,249.28970833,-10.56715177
85755,,Oph,262.85396162,-23.96258015
26727,Alnitak,Ori,85.18968667,-1.94257852
26311,Alnilam,Ori,84.05338544,-1.20191724
25930,Mintaka,Ori,83.0016655,-0.29909343
29434,,Ori,93.0136509,16.13044679
29426,,Ori,92.98498649,14.20881433
28716,,Ori,90.97993188,20.13845834
27913,,Ori,88.59618362,20.27641465
29038,,Ori,91.89300744,14.76852309
28614,,Ori,90.59579379,9.6473678
27989,Betelgeuse,Ori,88.79287149,7.40703653
27366,Saiph,Ori,86.93911657,-9.66960181
24436,Rigel,Ori,78.63446385,-8.20163958
25336,Bellatrix,Ori,81.28278339,6.34973457
26207,Meissa,Ori,83.78449086,9.93416302
22449,Tabit,Ori,72.45890914,6.96124728
22549,Al Taj II,Ori,72.80152507,5.60510135
22730,,Ori,73.34481413,2.508265
22797,Al Taj III,Ori,73.56289884,2.4406716
23123,Al Taj V,Ori,74.63709524,1.7140348
22509,Al Taj I,Ori,72.65300896,8.90025307
22845,Al Taj IV,Ori,73.72376741,10.15114489
100751,Peacock,Pav,306.41187379,-56.73488065
105858,,Pav,321.61038372,-65.36814437
102395,,Pav,311.23981532,-66.20323826
99240,,Pav,302.17441726,-66.1793211
98495,,Pav,300.14747184,-72.91018427
91792,,Pav,280.75889082,-71.42772851
93015,,Pav,284.23766931,-67.23353533
92609,,Pav,283.05431913,-62.18756068
90098,,Pav,275.80675357,-61.49390498
88866,,Pav,272.14496204,-63.66804844
86929,,Pav,266.43334328,-64.72373456
1067,Algenib,Peg,3.30895847,15.1836161
113963,Markab,Peg,346.19007056,15.20536753
113881,Scheat,Peg,345.94305579,28.08245431
112158,Matar,Peg,340.75053559,30.22130744
109352,,Peg,332.30698197,33.17249776
112748,Sadalbari,Peg,342.50041798,24.60168465
112440,Sadalnazi,Peg,341.63267659,23.56567915
109176,,Peg,331.75197737,25.34504611
107354,,Peg,326.161267,25.64500303
112447,Suudalnujum,Peg,341.67267262,12.17408382
112029,Homam,Peg,340.3653119,10.83139097
109427,Biham,Peg,332.54924876,6.19778923
107315,Enif,Peg,326.0464175,9.87500758
32607,,Pic,102.04807108,-61.94197967
27530,,Pic,87.45657006,-56.16648846
27321,,Pic,86.82118072,-51.06671341
17448,Atik,Per,56.07969333,32.28827337
18246,Atik,Per,58.5329938,31.88365779
18614,Menkib,Per,59.7412487,35.79102722
18532,,Per,59.46342225,40.01027312
17358,,Per,55.7311752,47.78765317
15863,Mirfak,Per,51.08061917,49.86124305
14328,,Per,46.199126,53.50645015
13268,Miram,Per,42.67413627,55.89552946
14576,Algol,Per,47.04220893,40.95565071
14354,Gorgonea Tertia,Per,46.29373783,38.8405331
13254,,Per,42.64547597,38.31890843
104521,,Equ,317.58529652,10.13194869
104858,,Equ,318.61995916,10.00771876
105570,,Equ,320.72325718,6.81111327
104987,Kitalpha,Equ,318.95582018,5.24807397
37279,Procyon,CMi,114.82724202,5.22750758
36188,Gomeisa,CMi,111.78780104,8.28940883
53229,Praecipua,LMi,163.3276665,34.21556623
51233,,LMi,156.97121876,36.70747813
49593,,LMi,151.85718822,35.24469196
46952,,LMi,143.55573745,36.39761341
95771,Anser,Vul,292.17671216,24.6651646
98543,,Vul,300.27504215,27.75356397
11767,Gwiazda Polarna,UMi,37.946143,89.26413778
85822,Yildun,UMi,263.05373781,86.58632948
82080,Circitores,UMi,251.49233206,82.03725012
77055,Akfa Farkadain,UMi,236.01443325,77.79449896
79822,Anwa Farkadain,UMi,244.37708764,75.75470388
75097,Pherkad,UMi,230.18228839,71.83397304
72607,Kochab,UMi,222.6766478,74.15547618
5348,Wurren,Phe,17.09608393,-55.2458325
5165,Alrial III,Phe,16.52128448,-46.71849569
2072,,Phe,6.55048403,-43.67990951
7083,,Phe,22.81242304,-49.07307705
8837,,Phe,28.41174873,-46.30244641
6867,Alrial V,Phe,22.09142395,-43.31772907
2081,Ankaa,Phe,6.5702816,-42.30512119
765,,Phe,2.35224983,-45.74698832
4889,,Psc,15.70452754,31.80433662
5742,,Psc,18.43722969,24.58376439
6193,,Psc,19.8665742,27.2640869
7097,Alpherg,Psc,22.87080767,15.34583101
8198,Torcular,Psc,26.34828635,9.15764141
9487,Alrescha,Psc,30.51166985,2.76376128
8833,,Psc,28.38890184,3.18747844
7884,,Psc,25.35794833,5.48760467
7007,,Psc,22.54559633,6.14393327
4906,,Psc,15.73606599,7.89007267
3760,,Psc,12.07226888,7.2999198
1645,,Psc,5.14943426,8.19024825
118268,,Psc,359.82750958,6.86359368
116771,,Psc,354.98675128,5.62735418
117245,,Psc,356.59806985,3.48687185
116928,,Psc,355.51200755,1.78041748
115738,,Psc,351.73293869,1.25583751
114971,,Psc,349.28955639,3.28224514
115227,,Psc,350.08557152,5.38145173
115830,,Psc,351.99236594,6.37909729
113368,Fomalhaut,PsA,344.41177299,-29.6218368
111954,,PsA,340.16385643,-27.04361507
108661,,PsA,330.20922935,-28.45373748
107608,,PsA,326.93405548,-30.8983061
109422,,PsA,332.53534843,-32.54844044
111188,Fum al Hui,PsA,337.87620651,-32.34602794
113246,,PsA,343.98704989,-32.53970217
37504,,Vol,115.45498311,-72.60613526
34481,,Vol,107.18676973,-70.49919404
39794,,Vol,121.98267009,-68.6171364
35228,,Vol,109.20762816,-67.95717269
41312,,Vol,126.4343594,-66.13652029
44382,,Vol,135.61166181,-66.39584362
39757,Tureis,Pup,121.88625905,-24.30443679
38146,,Pup,117.25706891,-24.91224357
35264,,Pup,109.28568388,-37.09748688
32768,,Pup,102.48390363,-50.61439971
36377,,Pup,112.30782593,-43.30189094
19780,,Ret,63.60596318,-62.47397892
19921,,Ret,64.12118135,-59.30174863
18597,,Ret,59.68640628,-61.40015061
17440,,Ret,56.04814575,-64.8070942
89931,Kaus Media,Sgr,275.24842359,-29.82803949
90496,Kaus Borealis,Sgr,276.99279012,-25.42124724
89642,Hamalwarid,Sgr,274.40720579,-36.7612811
90185,Kaus Australis,Sgr,276.04310945,-34.38431461
88635,Alnasl,Sgr,271.45218573,-30.42365016
87072,,Sgr,266.89011254,-27.83076251
93506,Ascella,Sgr,285.65301241,-29.88011461
92041,Namalsadirah I,Sgr,281.41397072,-26.9907792
89341,Polis,Sgr,273.44086939,-21.05883052
93864,Namalsadirah II,Sgr,286.73517625,-27.66981476
92855,Nunki,Sgr,283.81631936,-26.29659425
93085,,Sgr,284.43241354,-21.10662351
93683,,Sgr,286.1705576,-21.74135444
94820,,Sgr,289.40868975,-18.95288201
95168,,Sgr,290.4182303,-17.84725128
96406,,Sgr,294.00687246,-24.71901757
98688,Terebellum IV,Sgr,300.66441351,-27.70987965
98412,,Sgr,299.93405973,-35.27624419
98032,,Sgr,298.81533,-41.86841349
95347,Rukbat,Sgr,290.97146416,-40.61564649
95294,Arkab Posterior,Sgr,290.80441927,-44.79964773
85927,Shaula,Sco,263.40219318,-37.10374869
86670,Mula,Sco,265.62199893,-39.029921
87073,Girtab,Sco,266.89617134,-40.12698187
86228,Sargas,Sco,264.32968931,-42.99782041
84143,,Sco,258.03823358,-43.23849048
82671,,Sco,253.49886374,-42.36201977
82514,Xamidimura,Sco,252.9676623,-38.04732677
82396,Larawag,Sco,252.54268726,-34.29260943
81266,Paikauhale,Sco,248.97066417,-28.2159616
80763,Antares,Sco,247.35194829,-26.43194598
78401,Dschubba,Sco,240.08338223,-22.62162036
78265,Fang,Sco,239.71300274,-26.11404273
78820,Acrab,Sco,241.35931336,-19.80539435
79593,Yed Prior,Ser,243.58652632,-3.69397565
77516,,Ser,237.40527319,-3.43014121
77622,Nasak Yamani II,Ser,237.7037134,4.47757979
77070,Unukalhai,Ser,236.06664895,6.42551977
76276,Nasak Yamani I,Ser,233.70079178,10.53885915
77233,Chow,Ser,236.54672826,15.42192603
78072,Nasak Shamiya II,Ser,239.11247636,15.66473324
77450,Gudja,Ser,237.18503588,18.14177919
92946,Alya,Ser,284.0548346,4.20353052
90441,,Ser,276.80212453,0.19612958
89962,Alava,Ser,275.32883536,-2.89712199
88670,,Ser,271.53083715,-8.32391506
88048,,Ser,269.75665635,-9.77334967
86565,,Ser,265.35381869,-12.87517293
86263,,Ser,264.3967721,-15.39840819
84880,,Ser,260.2068147,-12.84688225
51437,,Sex,157.57292931,-0.63697179
49641,,Sex,151.98456482,-0.37162836
25918,,Men,82.96942467,-76.34166328
21949,,Men,70.76644513,-70.93111202
21881,,Tau,70.56126434,22.95697573
20889,Ain,Tau,67.15388847,19.18052103
21421,Aldebaran,Tau,68.98000194,16.50976158
26451,Tianguan,Tau,84.41118462,21.14259289
20205,Prima Hyadum,Tau,64.94805797,15.6277001
20455,Secunda Hyadum,Tau,65.73344726,17.54258445
18724,,Tau,60.17008546,12.49037559
15900,,Tau,51.20348981,9.02906438
20894,Chamukuy,Tau,67.16531227,15.87094681
20648,,Tau,66.37215595,17.92798892
17847,Atlas,Tau,57.29054699,24.05352413
90568,,Tel,277.2072331,-49.07003096
90422,,Tel,276.74345944,-45.96832923
110130,,Tuc,334.62574143,-60.25949478
114996,,Tuc,349.35754967,-58.23592746
1599,,Tuc,5.00797597,-64.87762321
2484,,Tuc,7.88566983,-62.9580855
10670,,Tri,34.328482,33.84732084
10064,Mizan,Tri,32.38550383,34.9873921
8796,Mothallah,Tri,28.27041599,29.57939714
82273,Atria,TrA,252.16610734,-69.02763509
74946,,TrA,229.72787002,-68.6794674
77952,,TrA,238.78670046,-63.42974982
106278,Sadalsuud,Aqr,322.88966964,-5.5711556
109074,Sadalmelik,Aqr,331.44593869,-0.31982628
110395,Sadachbia,Aqr,335.41374933,-1.38735307
110960,Sadaltager,Aqr,337.2075006,-0.02006525
111497,,Aqr,338.83887047,-0.11736125
112961,Hydor,Aqr,343.15360163,-7.57967866
114855,,Aqr,348.97198736,-9.08769568
115438,,Aqr,350.74292248,-20.10034511
110003,Ancha,Aqr,334.20819337,-7.78323721
109139,,Aqr,331.60918856,-13.86954036
111123,,Aqr,337.66173036,-10.67788576
112716,,Aqr,342.39795748,-13.59253754
113136,Skat,Aqr,343.66266392,-15.8207595
114341,,Aqr,347.36150899,-21.17248556
102618,Albali,Aqr,311.91888544,-9.49568985
57380,,Vir,176.46487794,6.52981387
60129,Zaniah,Vir,184.97663092,-0.66674697
61941,Arich,Vir,190.41667567,-1.44952191
65474,Spica,Vir,201.29835228,-11.16124494
69427,Kang,Vir,213.22392119,-10.27404387
69701,Syrma,Vir,214.00368724,-5.99952605
71957,Rijl al Awwa,Vir,220.76484283,-5.65742908
66249,Heze,Vir,203.67397824,-0.5959383
68520,,Vir,210.4115967,1.54458351
72220,,Vir,221.56246631,1.89293837
63090,Minelauva,Vir,193.90201354,3.39759875
63608,Vindemiatrix,Vir,195.54483555,10.95910189
39953,Regor,Vel,122.38314733,-47.33661168
42536,,Vel,130.0733715,-52.92197266
42913,Alsephina,Vel,131.17582214,-54.70856805
45941,Markeb,Vel,140.52845503,-55.01069513
48774,,Vel,149.21564515,-54.56779725
52727,,Vel,161.69217532,-49.42012503
51986,,Vel,159.32606984,-48.22561637
50191,,Vel,153.68447404,-42.12206275
46651,,Vel,142.675471,-40.46688846
44816,Suhail,Vel,136.9990715,-43.43262377
6411,Adhil,,20.58497105,45.52875641
6999,Thail,,22.52542518,47.00737701
7513,Titawin,,24.19990403,41.40638473
7607,Nembus,,24.49792632,48.62848635
12191,Buna,,39.2580897,42.06273018
116076,Veritate,,352.82165634,39.2364017
52521,Macondo,,161.08741641,-33.57665453
76351,Karaka,,233.9170478,-80.20469367
96468,Al Thalimain Posterior,,294.18031904,-1.28655074
97938,Libertas,,298.56175724,8.46165012
99711,Phoenicia,,303.49950892,-0.86751448
99894,Chechia,,304.02511685,4.58091946
103045,Albulan I,,313.16335728,-8.98323778
104459,Albulan II,,317.39830366,-11.37165477
106786,Bunda,,324.43767525,-7.85414192
107251,Bosona,,325.8537444,-7.40825808
108874,Sadalmulk,,330.82845681,-2.15533586
110672,Seat,,336.31921853,1.37739264
110813,Lionrock,,336.76301892,-17.26340393
111710,Situla,,339.43925411,-4.22776299
84787,Inquill,,259.96429294,-48.5488089
86796,Cervantes,,266.03632101,-51.8335882
12489,Barani I,,40.17097153,27.06100888
12640,Koleon,,40.59134422,20.01157724
12719,Barani II,,40.86296038,27.70717056
13061,Lilii Borea,,41.97683954,29.24742358
13165,Al Butain I,,42.32315687,17.46434449
13702,Al Butain II,,44.10825992,18.02365085
13914,Al Butain III,,44.80305817,21.34044508
14838,Botein,,47.90695681,19.72669782
15110,Al Butain IV,,48.72547793,21.0446286
23416,Almaaz,,75.49222145,43.82331367
23767,Haedus,,76.62862074,41.23464072
24340,Alhiba I,,78.35721509,38.48467389
24813,Alhiba II,,79.7836601,40.1006672
25292,Alhiba III,,81.16309204,37.38537503
26712,Gwiazda Andrewsa,,85.14962756,31.35821882
28358,Prijipati,,89.88145942,54.28498163
30520,Dolones I,,96.22459115,49.28789884
30860,Lucilinburhuc,,97.19059656,38.96309298
31789,Dolones II,,99.7049442,39.90258795
31832,Dolones III,,99.83261262,42.48901185
32173,Dolones IV,,100.77086769,44.52452341
32480,Dolones V,,101.68474601,43.5770249
32562,Dolones VI,,101.91492024,48.78946091
32844,Dolones VII,,102.69151338,41.78156552
32916,Nervia,,102.87703871,40.8680551
33133,Dolones VIII,,103.48780853,38.50508605
33377,Dolones IX,,104.13358494,46.27398641
69483,Asellus Tertius,,213.37062424,51.78999063
69713,Asellus Secundus,,214.04195639,51.36701401
69732,Xuange,,214.09656815,46.08791912
70497,Asellus Primus,,216.30008053,51.85171355
72487,Merga,,222.32781432,46.11639332
72845,Arcalís,,223.34583917,18.23548977
73745,Aulad Alnathlat,,226.11190471,26.94765983
74961,Nikawiy,,229.77582302,41.73364823
75411,Alkalurops,,231.12306694,37.37696085
76534,Ceginus,,234.45646264,40.35328826
24003,Mago,,77.40257504,69.63955573
58952,Tonatiuh,,181.31141104,76.90595818
100027,Prima Giedi,,304.4119006,-12.50821405
100310,Alshat,,305.16586169,-12.7590442
100325,Dabih Minor,,305.19384395,-14.78489272
38041,Tapecue,,116.9565475,-54.26346753
55042,Gwiazda Innesa,,169.01203064,-57.55053509
1415,Gwiazda Pearce'a,,4.42943981,51.43309434
2920,Fulu,,9.24277909,53.89693155
3821,Achird,,12.27125307,57.81654753
4422,Castula,,14.16671041,59.1811659
5336,Marfak,,17.05383814,54.92422782
5542,Marfak,,17.77471147,55.14994759
13192,Nushagak,,42.43465879,71.75331104
56709,Gwiazda Przybylskiego,,174.40450331,-46.7097717
57291,Uklun,,176.21055126,-58.70353947
66047,Dofida,,203.10639187,-47.27105979
69619,Gwiazda Poppera,,213.744313,-46.28869308
70300,Helowa gwiazda zmienna Bidelmana,,215.75940537,-39.51176601
70890,Proxima,,217.44894744,-62.68135186
71681,Toliman,,219.9141246,-60.83948046
99255,Al Aghnam I,,302.22215229,77.71136171
101093,Al Kidr,,307.39511318,62.99413714
102422,Kabalfird,,311.32195267,61.83679418
107259,Granatowa Gwiazda,,325.87689594,58.78005303
107418,Castula,,326.3622054,61.12081063
108917,Kurhah,,330.94650695,64.62775445
110893,Kruger 60,,337.00174035,57.69701976
111056,Al Kalb al Rai,,337.47070045,78.82433735
114222,Al Aghnam II,,346.97432508,75.38758141
2247,Felixvarela,,7.14383947,-16.22578956
3455,Alnitham I,,11.04752268,-10.60927381
3909,Alnitham II,,12.53218464,-10.64377032
4371,Alnitham III,,14.00627568,-11.26650675
4587,Alnitham IV,,14.68286522,-11.37993902
9347,Al Naymat III,,30.00093673,-21.07777206
118319,Axólotl,,359.97391252,-22.42818043
37284,Ceibo,,114.84129348,-78.27887584
29550,Amadioha,,93.39817373,-29.8973031
33152,Udra,,103.5331451,-24.18422314
33345,Isis,,104.02769521,-14.0434465
35210,Winter Albireo,,109.15348729,-23.31560126
36208,Gwiazda Luytena,,111.85068496,5.23476427
40167,Tegmine,,123.05295612,17.64813588
40881,Piautos,,125.13395526,24.02235677
42446,Gakyid,,129.8161316,12.96060185
42556,Meleph,,130.11263565,19.5448408
43587,Copernicus,,133.15055364,28.33138863
44946,Nahn,,137.33972451,22.04544718
29034,Elkurud,,91.88180029,-37.25292082
61071,Kissin,,187.75236721,24.56718937
62763,Polaris Galacticus Borealis,,192.92469932,27.54073415
77442,Variabilis Coronae,,237.14340123,28.15677697
78322,Plonaca Gwiazda,,239.87568762,25.92014108
79219,Kamuy,,242.51635952,26.7426583
55106,Gwiazda Abta,,169.24242401,-7.13470799
55174,Hunahpú,,169.4484857,-23.97537503
60260,Ginan,,185.34088014,-60.40136978
60644,Tupã,,186.44379363,-64.02194012
62223,La Superba,,191.28262008,45.44022474
96295,Gwiazda Campbella,,293.68847918,30.51639558
100044,Revenant of the Swan,,304.44668516,38.03294699
101138,Ruchba,,307.51471548,48.95155039
104217,Gwiazda Bessela,,316.71746849,38.73441383
107136,Azelfafage,,325.52358191,51.18962697
103527,Musica,,314.60817885,10.83936949
61177,Funi,,188.03150782,74.48966446
62423,Tianyi,,191.89308887,66.79031568
63076,Taiyi,,193.86897918,65.43854739
83608,Alrakis,,256.33409339,54.46986266
85805,Adfar Aldib I,,262.99120799,68.13470173
85819,Kuma,,263.04340819,55.18411074
86201,Al Dhih,,264.23787447,68.75718916
86614,Dziban,,265.48461326,72.14949923
86620,Dziban II,,265.49182575,72.15757573
86782,Alruba,,265.99651281,53.80175505
89908,Aldhiba,,275.18933922,71.33772739
90344,Fafnir,,276.49578379,65.56354642
92782,Athafi I,,283.59902589,71.29708947
95081,Tais I,,290.16696637,65.71443048
96100,Alsafi,,293.08577729,69.66540164
98702,Tais II,,300.70436343,67.87344874
12961,Koeia,,41.67791772,-23.08695483
13288,Angetenar,,42.75977471,-21.00397917
13993,Ayeyarwady,,45.04445318,-20.80254951
14060,Aludhi I,,45.2915276,-7.66283639
14168,Aludhi II,,45.6760814,-7.68546362
14293,Aludhi III,,46.06865546,-7.60089955
18543,Zaurak,,59.50720838,-13.50824446
19587,Beid,,62.96638849,-6.83777866
19849,Keid,,63.82349253,-7.64455857
21248,Beemim,,68.37762289,-29.76583176
22491,Mouhoun,,72.57437455,-24.36879554
23364,Kursi al Jauzah I,,75.35977079,-7.17397812
15578,Intan,,50.1770346,-33.73033743
108375,Itonda,,329.33238726,-37.76333466
79043,Marsic,,242.01894374,17.04699349
80076,Hunor,,245.15152253,41.0481558
80463,Cujam,,246.35387367,14.03341488
80838,Ogma,,247.62365188,38.34717984
84345,Rasalgethi,,258.66192746,14.39025294
46982,Ukdah III,,143.63600858,-5.91480662
47431,Ukdah,,144.96389186,-1.14265766
48615,Felis,,148.71765446,-19.00926976
112247,Gwiazda Babcocka,,341.03125164,55.58922828
46146,Al Minlear al Asad,,141.16366378,26.18244076
46750,Alterf,,142.93016798,22.96806549
47508,Subra,,145.28799101,9.8923988
52123,Gwiazda Klemoli,,159.73016986,10.06348003
54158,Dingolay,,166.18516027,-2.51317574
54951,Zubrah,,168.80101374,23.09552494
55642,Tsze Tseang,,170.98070335,10.52969776
55664,Shama,,171.0727615,-1.52868638
56508,Formosa,,173.76579319,20.44154838
56572,Sagarmatha,,173.96470644,-4.75577838
23203,Karmazynowa Gwiazda Hinda,,74.90143545,-14.80624821
47087,Illyrian,,143.93821901,34.78082707
72603,Zubenelgenubi I,,222.67193192,-15.99709211
73473,Zuben Elakribi,,225.24328152,-8.51893463
73945,Zuben Hakrabi,,226.65674318,-16.25676144
76976,Gwiazda Metuszelacha,,235.7656644,-10.93276126
77060,Zuban al Kravi,,236.01841811,-15.67267915
71680,Men,,219.91549117,-16.58970521
33485,Dolones X,,104.40468696,45.09410214
43674,Stribor,,133.46196524,33.05688002
90191,Al Athfar,,276.05750742,39.50724977
91852,Xihe,,280.90039199,36.55646494
91919,Double Double I,,281.08473953,39.6699767
91926,Double Double II,,281.09489952,39.61259553
91973,Nasr Alwaki II,,281.20079127,37.59456461
94481,Aladfar,,288.43953656,39.14596975
26380,Bubup,,84.25720082,-73.69908205
30089,Czerwony Prostokat,,94.99259327,-10.63736308
30905,Lusitânia,,97.30445551,10.93404326
31646,Gwiazda Plasketta,,99.35017874,6.13538032
33719,Citalá,,105.07543381,-5.36735737
104382,Polaris Australis,,317.19172704,-88.95651116
80687,Timir,,247.11739014,-13.39964373
80883,Marfik,,247.72850509,1.98410093
81022,Rosalíadecastro,,248.2127323,2.08503811
82651,Mahsati,,253.4315655,11.97378344
84405,Guniibuu,,258.83869794,-26.60004824
84893,Aggia,,260.25087591,-21.11243475
84970,Garafsa,,260.50243371,-24.99948819
86777,Zelazna Gwiazda,,265.98539928,-6.26908158
87108,Muliphen,,266.97322551,2.70745866
87937,Gwiazda Barnarda,,269.45402263,4.66828781
22667,Al Kumm I,,73.13318166,14.25077808
22833,Manica,,73.69544451,11.42597354
22957,Al Kumm II,,74.09300433,13.51457808
25281,Saif al Jabbar,,81.11923807,-2.39713913
25923,Thabit,,82.98275103,-7.30152626
26176,Heka,,83.70515782,9.48958544
26220,Trapezium,,83.81588707,-5.38727971
26221,Gwiazda Becklina,,83.81860906,-5.38969673
26235,Mizan Batil II,,83.84541587,-5.41606364
26237,Mizan Batil I,,83.84650676,-4.83834053
26241,Hatysa,,83.85825448,-5.90989986
26563,Mizan Batil III,,84.72121586,-7.21270852
104780,Solaris,,318.39937179,14.68938439
109068,Fum al Faras,,331.41954963,5.0582845
112051,Sadalmatar,,340.43920688,29.30768877
115250,Salm,,350.15926297,23.74035921
115623,Alkarab,,351.34442226,23.40401237
10729,Misam al Thurayya I,,34.51916509,57.51632558
13531,Kerb,,43.56442622,52.7624895
13879,Gorgonea Secunda,,44.69021007,39.66282729
14668,Misam,,47.37345501,44.85788919
14817,Gorgonea Quarta,,47.82250622,39.6115706
22365,Osobliwa gwiazda Bidelmana,,72.2222835,43.2755854
2071,Alrial I,,6.54978567,-51.63902083
3245,Alrial II,,10.33156671,-46.08500948
5054,Nenque,,16.16782849,-39.48693476
5862,Alrial IV,,18.7940318,-45.53209714
24186,Gwiazda Kapteyna,,77.89672072,-45.00448692
106824,Sāmaya,,324.53495658,-31.73728474
1547,Citadelle,,4.82092155,14.05479809
3786,Kuton I,,12.17039763,7.58520178
3829,Gwiazda van Maanena,,12.28823758,5.39519921
5737,Revati,,18.43250842,7.57548938
5743,Kuton III,,18.43822822,7.57838236
6643,Bélénos,,21.30145428,28.5670789
113889,Fumalsamakah,,345.96919424,3.82007011
114322,Ebla,,347.29316009,-2.26050794
31895,Nosaxa,,100.0070984,-48.54202822
35488,Bernes 135,,109.86776929,-44.58649914
38170,Azmidi,,117.32357816,-24.85978408
17096,Tupi,,54.93034389,-52.91561456
3479,Cocibolca,,11.11019155,-26.51604496
78104,Iklil,,239.22119466,-29.21401208
78933,Jabhat Acrabi I,,241.70180217,-20.66913466
78990,Jabhat Acrabi II,,241.85125085,-20.868654
79374,Jabbah,,242.99891837,-19.46064685
79431,Sharjah,,243.17399675,-18.87499093
80112,Alniyat,,245.29717737,-25.59275251
82545,Pipirima,,253.08397305,-38.01747827
83547,Rapeto,,256.12825815,-43.30942575
85696,Lesath,,262.69099525,-37.29574034
87261,Fuyue,,267.46437979,-37.04337108
87294,Vanant,,267.54629142,-40.09042826
90004,Alasia,,275.45748482,-11.92251498
92037,Tweedledee and Tweedledum,,281.39983818,27.44411246
92895,Kaveh,,283.92036744,4.26554303
48711,Bibhā,,149.02482307,-3.80846337
96078,Uruk,,293.01717624,16.47425226
88414,Pincoya,,270.77897897,-28.56055021
92761,Ainalrami,,283.54239715,-22.74481976
92845,Ain al Rami II,,283.77946686,-22.67125279
94141,Albaldah,,287.44097407,-21.02352539
94643,Al Kiladah,,288.88498845,-25.25660692
94645,Gumala,,288.88814362,-24.17910477
95124,Belel,,290.26775063,-23.61949589
95241,Arkab Prior,,290.6595272,-44.4589109
95262,Sika,,290.72051606,-32.91804349
95477,Namalsadirah III,,291.31854424,-24.50844907
95503,Namalsadirah IV,,291.37363084,-23.96242435
98066,Terebellum,,298.95927054,-26.29968538
98162,Terebellum II,,299.23676995,-27.16986254
98353,Terebellum III,,299.73823441,-26.19582757
17489,Celaeno,,56.20084225,24.28957701
17499,Electra,,56.21884818,24.1134484
17531,Taygeta,,56.30200903,24.46737906
17573,Maia,,56.45663811,24.36785797
17579,Asterope,,56.4769331,24.55462133
17588,Sterope II,,56.51203202,24.52800593
17608,Merope,,56.58150148,23.94846199
17702,Alcyone,,56.87110081,24.10524179
17851,Pleione,,57.29668416,24.13682556
20250,Alkalbain I,,65.08847827,27.35094051
20430,Alkalbain II,,65.64554318,25.62935778
20635,Alkalbain III,,66.3420783,22.29398101
20641,Alkalbain IV,,66.35393597,22.20011252
20711,Alkalbain V,,66.57664507,22.81369389
20885,Hyadum III,,67.14346811,15.9622172
21109,Hoggar,,67.85605409,4.57531906
25945,Rubinowa Gwiazda,,83.05313068,18.59424522
5529,Emiw,,17.69608796,-66.18786313
116084,Poerava,,352.8339084,-58.20971926
40687,Násti,,124.59173523,61.46064472
42080,Althiba I,,128.65078041,65.14527352
42438,Althiba II,,129.79892625,65.02069322
42527,Althiba III,,130.05374385,64.32787194
44390,Althiba IV,,135.63635798,67.62957481
44857,Althiba V,,137.09805475,66.87333337
44901,Alhaud I,,137.21827365,51.60472728
45038,Althiba VI,,137.5980261,67.13423885
45075,Alhaud II,,137.72888182,63.51378093
45493,Alhaud III,,139.04699484,54.02171209
46471,Intercrus,,142.16664438,45.60179475
46977,Althiba VII,,143.62069997,69.83015424
53721,Chalawan,,164.86756566,40.43012282
54035,Lalande 21185,,165.83588432,35.98146372
55219,Alula Borealis,,169.61981388,33.09423879
57820,Aniara,,177.84384975,57.64077674
57939,Groombridge 1830,,178.23256805,37.73280853
65477,Alcor,,201.3058984,54.98799865
66192,Liesma,,203.5109333,53.72871983
73136,Baekdu,,224.20134692,74.90091347
74793,Pherkad Minor,,229.27450652,71.82387838
47202,Kalausi,,144.29920828,-43.27191187
48235,Natasha,,147.51031106,-49.79012089
57370,Flegetonte,,176.42667921,2.82175406
57757,Zavijava,,177.67202597,1.76537702
69974,Khambalia,,214.77750787,-13.37116638
70755,Elgafar,,217.05091831,-2.22795072
72339,Mönch,,221.88667707,-0.28113346
